{
  "class": "Image.SheetOfLight.Model",
  "data":
  {
    "FileVersion": 1,
    "CurrentState": "CALIBRATED",
    "SkewMode": "XZ_NOT_IN_LIGHT_PLANE",
    "CalibrationError": 0.02224833930892806,
    "CalibrationErrorMax": 0.13050062752990991,
    "AlignmentError": 1.79769313486231574e+308,
    "AlignmentErrorMax": 1.79769313486231574e+308,
    "FocalLength": 10000,
    "SensorSize": 
    {
      "x": 2560,
      "y": 832
    },
    "LensCenter": 
    {
      "x": 1.29962800629502862e+03,
      "y": 503.30334437422681048
    },
    "Skew": 
    {
      "x": 0,
      "y": 1,
      "z": 0
    },
    "Homography":
    [ [1.28268850510916809e+03, -2.03060416678688989e+03, 154.22435574560219606],  [-2.46442694412240959, -5.01527663781569390e+03, 17.07438764949508325],  [-0.02773299911199594, -13.39885814841778532, 1]
    ],
    "Pose":
    [ [1, 0, 0, 0],  [0, 1, 0, 0],  [0, 0, 1, 0],  [0, 0, 0, 1]
    ],
    "LensCoefficients": [0.98049273773983607, -21.57161477935377646, -794.70354087357554817, 0, 0, -0.00356025550833823, 0.02222188802077658]
  }
}